run,temperature,top_p,case_id,expected,prediction,correct,latency,output_tokens
1,0.0,0.5,1,HR,Technical,False,10.547873400035314,823
1,0.0,0.5,2,Finance,Finance,True,10.547873400035314,823
1,0.0,0.5,3,Technical,Technical,True,10.547873400035314,823
1,0.0,0.5,4,HR,Finance,False,10.547873400035314,823
1,0.0,0.5,5,Finance,Technical,False,10.547873400035314,823
1,0.0,0.5,6,Technical,Technical,True,10.547873400035314,823
1,0.0,0.5,7,HR,HR,True,10.547873400035314,823
1,0.0,0.5,8,Finance,Finance,True,10.547873400035314,823
1,0.0,0.5,9,Technical,Technical,True,10.547873400035314,823
1,0.0,0.5,10,HR,HR,True,10.547873400035314,823
2,0.0,0.5,1,HR,HR,True,7.803635000018403,574
2,0.0,0.5,2,Finance,Finance,True,7.803635000018403,574
2,0.0,0.5,3,Technical,Technical,True,7.803635000018403,574
2,0.0,0.5,4,HR,Finance,False,7.803635000018403,574
2,0.0,0.5,5,Finance,Technical,False,7.803635000018403,574
2,0.0,0.5,6,Technical,Technical,True,7.803635000018403,574
2,0.0,0.5,7,HR,HR,True,7.803635000018403,574
2,0.0,0.5,8,Finance,Finance,True,7.803635000018403,574
2,0.0,0.5,9,Technical,Technical,True,7.803635000018403,574
2,0.0,0.5,10,HR,HR,True,7.803635000018403,574
3,0.0,0.5,1,HR,Technical,False,12.739014899998438,1021
3,0.0,0.5,2,Finance,Finance,True,12.739014899998438,1021
3,0.0,0.5,3,Technical,Technical,True,12.739014899998438,1021
3,0.0,0.5,4,HR,Finance,False,12.739014899998438,1021
3,0.0,0.5,5,Finance,Finance,True,12.739014899998438,1021
3,0.0,0.5,6,Technical,Technical,True,12.739014899998438,1021
3,0.0,0.5,7,HR,HR,True,12.739014899998438,1021
3,0.0,0.5,8,Finance,Finance,True,12.739014899998438,1021
3,0.0,0.5,9,Technical,Technical,True,12.739014899998438,1021
3,0.0,0.5,10,HR,HR,True,12.739014899998438,1021
4,0.0,0.5,1,HR,Technical,False,8.76385519996984,658
4,0.0,0.5,2,Finance,Finance,True,8.76385519996984,658
4,0.0,0.5,3,Technical,Technical,True,8.76385519996984,658
4,0.0,0.5,4,HR,Finance,False,8.76385519996984,658
4,0.0,0.5,5,Finance,Finance,True,8.76385519996984,658
4,0.0,0.5,6,Technical,Technical,True,8.76385519996984,658
4,0.0,0.5,7,HR,HR,True,8.76385519996984,658
4,0.0,0.5,8,Finance,Finance,True,8.76385519996984,658
4,0.0,0.5,9,Technical,Technical,True,8.76385519996984,658
4,0.0,0.5,10,HR,HR,True,8.76385519996984,658
5,0.0,0.5,1,HR,Technical,False,10.674128799990285,865
5,0.0,0.5,2,Finance,Finance,True,10.674128799990285,865
5,0.0,0.5,3,Technical,Technical,True,10.674128799990285,865
5,0.0,0.5,4,HR,Finance,False,10.674128799990285,865
5,0.0,0.5,5,Finance,Technical,False,10.674128799990285,865
5,0.0,0.5,6,Technical,Technical,True,10.674128799990285,865
5,0.0,0.5,7,HR,HR,True,10.674128799990285,865
5,0.0,0.5,8,Finance,Finance,True,10.674128799990285,865
5,0.0,0.5,9,Technical,Technical,True,10.674128799990285,865
5,0.0,0.5,10,HR,HR,True,10.674128799990285,865
1,0.0,0.9,1,HR,HR,True,7.83515289996285,589
1,0.0,0.9,2,Finance,Finance,True,7.83515289996285,589
1,0.0,0.9,3,Technical,Technical,True,7.83515289996285,589
1,0.0,0.9,4,HR,Finance,False,7.83515289996285,589
1,0.0,0.9,5,Finance,Finance,True,7.83515289996285,589
1,0.0,0.9,6,Technical,Technical,True,7.83515289996285,589
1,0.0,0.9,7,HR,HR,True,7.83515289996285,589
1,0.0,0.9,8,Finance,Finance,True,7.83515289996285,589
1,0.0,0.9,9,Technical,Technical,True,7.83515289996285,589
1,0.0,0.9,10,HR,HR,True,7.83515289996285,589
2,0.0,0.9,1,HR,HR,True,7.896566800016444,579
2,0.0,0.9,2,Finance,Finance,True,7.896566800016444,579
2,0.0,0.9,3,Technical,Technical,True,7.896566800016444,579
2,0.0,0.9,4,HR,Finance,False,7.896566800016444,579
2,0.0,0.9,5,Finance,Finance,True,7.896566800016444,579
2,0.0,0.9,6,Technical,Technical,True,7.896566800016444,579
2,0.0,0.9,7,HR,HR,True,7.896566800016444,579
2,0.0,0.9,8,Finance,Finance,True,7.896566800016444,579
2,0.0,0.9,9,Technical,Technical,True,7.896566800016444,579
2,0.0,0.9,10,HR,HR,True,7.896566800016444,579
3,0.0,0.9,1,HR,HR,True,12.24278349999804,1027
3,0.0,0.9,2,Finance,Finance,True,12.24278349999804,1027
3,0.0,0.9,3,Technical,Technical,True,12.24278349999804,1027
3,0.0,0.9,4,HR,Finance,False,12.24278349999804,1027
3,0.0,0.9,5,Finance,Finance,True,12.24278349999804,1027
3,0.0,0.9,6,Technical,Technical,True,12.24278349999804,1027
3,0.0,0.9,7,HR,HR,True,12.24278349999804,1027
3,0.0,0.9,8,Finance,Finance,True,12.24278349999804,1027
3,0.0,0.9,9,Technical,Technical,True,12.24278349999804,1027
3,0.0,0.9,10,HR,HR,True,12.24278349999804,1027
4,0.0,0.9,1,HR,HR,True,9.737696600030176,757
4,0.0,0.9,2,Finance,Finance,True,9.737696600030176,757
4,0.0,0.9,3,Technical,Technical,True,9.737696600030176,757
4,0.0,0.9,4,HR,Finance,False,9.737696600030176,757
4,0.0,0.9,5,Finance,Finance,True,9.737696600030176,757
4,0.0,0.9,6,Technical,Technical,True,9.737696600030176,757
4,0.0,0.9,7,HR,HR,True,9.737696600030176,757
4,0.0,0.9,8,Finance,Finance,True,9.737696600030176,757
4,0.0,0.9,9,Technical,Technical,True,9.737696600030176,757
4,0.0,0.9,10,HR,HR,True,9.737696600030176,757
5,0.0,0.9,1,HR,Technical,False,9.929427900002338,795
5,0.0,0.9,2,Finance,Finance,True,9.929427900002338,795
5,0.0,0.9,3,Technical,Technical,True,9.929427900002338,795
5,0.0,0.9,4,HR,Finance,False,9.929427900002338,795
5,0.0,0.9,5,Finance,Technical,False,9.929427900002338,795
5,0.0,0.9,6,Technical,Technical,True,9.929427900002338,795
5,0.0,0.9,7,HR,HR,True,9.929427900002338,795
5,0.0,0.9,8,Finance,Finance,True,9.929427900002338,795
5,0.0,0.9,9,Technical,Technical,True,9.929427900002338,795
5,0.0,0.9,10,HR,HR,True,9.929427900002338,795
1,0.0,1.0,1,HR,HR,True,8.478462299972307,640
1,0.0,1.0,2,Finance,Finance,True,8.478462299972307,640
1,0.0,1.0,3,Technical,Technical,True,8.478462299972307,640
1,0.0,1.0,4,HR,Finance,False,8.478462299972307,640
1,0.0,1.0,5,Finance,Technical,False,8.478462299972307,640
1,0.0,1.0,6,Technical,Technical,True,8.478462299972307,640
1,0.0,1.0,7,HR,HR,True,8.478462299972307,640
1,0.0,1.0,8,Finance,Finance,True,8.478462299972307,640
1,0.0,1.0,9,Technical,Technical,True,8.478462299972307,640
1,0.0,1.0,10,HR,HR,True,8.478462299972307,640
2,0.0,1.0,1,HR,HR,True,7.212398699950427,517
2,0.0,1.0,2,Finance,Finance,True,7.212398699950427,517
2,0.0,1.0,3,Technical,Technical,True,7.212398699950427,517
2,0.0,1.0,4,HR,Finance,False,7.212398699950427,517
2,0.0,1.0,5,Finance,Technical,False,7.212398699950427,517
2,0.0,1.0,6,Technical,Technical,True,7.212398699950427,517
2,0.0,1.0,7,HR,HR,True,7.212398699950427,517
2,0.0,1.0,8,Finance,Finance,True,7.212398699950427,517
2,0.0,1.0,9,Technical,Technical,True,7.212398699950427,517
2,0.0,1.0,10,HR,HR,True,7.212398699950427,517
3,0.0,1.0,1,HR,HR,True,11.720864999981131,975
3,0.0,1.0,2,Finance,Finance,True,11.720864999981131,975
3,0.0,1.0,3,Technical,Technical,True,11.720864999981131,975
3,0.0,1.0,4,HR,Finance,False,11.720864999981131,975
3,0.0,1.0,5,Finance,Finance,True,11.720864999981131,975
3,0.0,1.0,6,Technical,Technical,True,11.720864999981131,975
3,0.0,1.0,7,HR,HR,True,11.720864999981131,975
3,0.0,1.0,8,Finance,Finance,True,11.720864999981131,975
3,0.0,1.0,9,Technical,Technical,True,11.720864999981131,975
3,0.0,1.0,10,HR,HR,True,11.720864999981131,975
4,0.0,1.0,1,HR,Technical,False,12.331585099978838,1025
4,0.0,1.0,2,Finance,Finance,True,12.331585099978838,1025
4,0.0,1.0,3,Technical,Technical,True,12.331585099978838,1025
4,0.0,1.0,4,HR,Finance,False,12.331585099978838,1025
4,0.0,1.0,5,Finance,Finance,True,12.331585099978838,1025
4,0.0,1.0,6,Technical,Technical,True,12.331585099978838,1025
4,0.0,1.0,7,HR,HR,True,12.331585099978838,1025
4,0.0,1.0,8,Finance,Finance,True,12.331585099978838,1025
4,0.0,1.0,9,Technical,Technical,True,12.331585099978838,1025
4,0.0,1.0,10,HR,HR,True,12.331585099978838,1025
5,0.0,1.0,1,HR,HR,True,10.275036199949682,817
5,0.0,1.0,2,Finance,Finance,True,10.275036199949682,817
5,0.0,1.0,3,Technical,Technical,True,10.275036199949682,817
5,0.0,1.0,4,HR,Finance,False,10.275036199949682,817
5,0.0,1.0,5,Finance,Finance,True,10.275036199949682,817
5,0.0,1.0,6,Technical,Technical,True,10.275036199949682,817
5,0.0,1.0,7,HR,HR,True,10.275036199949682,817
5,0.0,1.0,8,Finance,Finance,True,10.275036199949682,817
5,0.0,1.0,9,Technical,Technical,True,10.275036199949682,817
5,0.0,1.0,10,HR,HR,True,10.275036199949682,817
1,0.3,0.5,1,HR,HR,True,8.777722700033337,671
1,0.3,0.5,2,Finance,Finance,True,8.777722700033337,671
1,0.3,0.5,3,Technical,Technical,True,8.777722700033337,671
1,0.3,0.5,4,HR,Finance,False,8.777722700033337,671
1,0.3,0.5,5,Finance,Finance,True,8.777722700033337,671
1,0.3,0.5,6,Technical,Technical,True,8.777722700033337,671
1,0.3,0.5,7,HR,HR,True,8.777722700033337,671
1,0.3,0.5,8,Finance,Finance,True,8.777722700033337,671
1,0.3,0.5,9,Technical,Technical,True,8.777722700033337,671
1,0.3,0.5,10,HR,HR,True,8.777722700033337,671
2,0.3,0.5,1,HR,Technical,False,8.822457899979781,669
2,0.3,0.5,2,Finance,Finance,True,8.822457899979781,669
2,0.3,0.5,3,Technical,Technical,True,8.822457899979781,669
2,0.3,0.5,4,HR,Finance,False,8.822457899979781,669
2,0.3,0.5,5,Finance,Finance,True,8.822457899979781,669
2,0.3,0.5,6,Technical,Technical,True,8.822457899979781,669
2,0.3,0.5,7,HR,HR,True,8.822457899979781,669
2,0.3,0.5,8,Finance,Finance,True,8.822457899979781,669
2,0.3,0.5,9,Technical,Technical,True,8.822457899979781,669
2,0.3,0.5,10,HR,HR,True,8.822457899979781,669
3,0.3,0.5,1,HR,Technical,False,12.716191500017885,1066
3,0.3,0.5,2,Finance,Finance,True,12.716191500017885,1066
3,0.3,0.5,3,Technical,Technical,True,12.716191500017885,1066
3,0.3,0.5,4,HR,Finance,False,12.716191500017885,1066
3,0.3,0.5,5,Finance,Finance,True,12.716191500017885,1066
3,0.3,0.5,6,Technical,Technical,True,12.716191500017885,1066
3,0.3,0.5,7,HR,HR,True,12.716191500017885,1066
3,0.3,0.5,8,Finance,Finance,True,12.716191500017885,1066
3,0.3,0.5,9,Technical,Technical,True,12.716191500017885,1066
3,0.3,0.5,10,HR,HR,True,12.716191500017885,1066
4,0.3,0.5,1,HR,Technical,False,10.818248600000516,866
4,0.3,0.5,2,Finance,Finance,True,10.818248600000516,866
4,0.3,0.5,3,Technical,Technical,True,10.818248600000516,866
4,0.3,0.5,4,HR,Finance,False,10.818248600000516,866
4,0.3,0.5,5,Finance,Finance,True,10.818248600000516,866
4,0.3,0.5,6,Technical,Technical,True,10.818248600000516,866
4,0.3,0.5,7,HR,HR,True,10.818248600000516,866
4,0.3,0.5,8,Finance,Finance,True,10.818248600000516,866
4,0.3,0.5,9,Technical,Technical,True,10.818248600000516,866
4,0.3,0.5,10,HR,HR,True,10.818248600000516,866
5,0.3,0.5,1,HR,Technical,False,7.851763000013307,573
5,0.3,0.5,2,Finance,Finance,True,7.851763000013307,573
5,0.3,0.5,3,Technical,Technical,True,7.851763000013307,573
5,0.3,0.5,4,HR,Finance,False,7.851763000013307,573
5,0.3,0.5,5,Finance,Finance,True,7.851763000013307,573
5,0.3,0.5,6,Technical,Technical,True,7.851763000013307,573
5,0.3,0.5,7,HR,HR,True,7.851763000013307,573
5,0.3,0.5,8,Finance,Finance,True,7.851763000013307,573
5,0.3,0.5,9,Technical,Technical,True,7.851763000013307,573
5,0.3,0.5,10,HR,HR,True,7.851763000013307,573
1,0.3,0.9,1,HR,Technical,False,9.267984299978707,715
1,0.3,0.9,2,Finance,Finance,True,9.267984299978707,715
1,0.3,0.9,3,Technical,Technical,True,9.267984299978707,715
1,0.3,0.9,4,HR,Finance,False,9.267984299978707,715
1,0.3,0.9,5,Finance,Finance,True,9.267984299978707,715
1,0.3,0.9,6,Technical,Technical,True,9.267984299978707,715
1,0.3,0.9,7,HR,HR,True,9.267984299978707,715
1,0.3,0.9,8,Finance,Finance,True,9.267984299978707,715
1,0.3,0.9,9,Technical,Technical,True,9.267984299978707,715
1,0.3,0.9,10,HR,HR,True,9.267984299978707,715
2,0.3,0.9,1,HR,Technical,False,13.617161800037138,1140
2,0.3,0.9,2,Finance,Finance,True,13.617161800037138,1140
2,0.3,0.9,3,Technical,Technical,True,13.617161800037138,1140
2,0.3,0.9,4,HR,Finance,False,13.617161800037138,1140
2,0.3,0.9,5,Finance,Finance,True,13.617161800037138,1140
2,0.3,0.9,6,Technical,Technical,True,13.617161800037138,1140
2,0.3,0.9,7,HR,HR,True,13.617161800037138,1140
2,0.3,0.9,8,Finance,Finance,True,13.617161800037138,1140
2,0.3,0.9,9,Technical,Technical,True,13.617161800037138,1140
2,0.3,0.9,10,HR,HR,True,13.617161800037138,1140
3,0.3,0.9,1,HR,Technical,False,15.06654069997603,1258
3,0.3,0.9,2,Finance,Finance,True,15.06654069997603,1258
3,0.3,0.9,3,Technical,Technical,True,15.06654069997603,1258
3,0.3,0.9,4,HR,Finance,False,15.06654069997603,1258
3,0.3,0.9,5,Finance,Finance,True,15.06654069997603,1258
3,0.3,0.9,6,Technical,Technical,True,15.06654069997603,1258
3,0.3,0.9,7,HR,HR,True,15.06654069997603,1258
3,0.3,0.9,8,Finance,Finance,True,15.06654069997603,1258
3,0.3,0.9,9,Technical,Technical,True,15.06654069997603,1258
3,0.3,0.9,10,HR,HR,True,15.06654069997603,1258
4,0.3,0.9,1,HR,Technical,False,10.863977600005455,863
4,0.3,0.9,2,Finance,Finance,True,10.863977600005455,863
4,0.3,0.9,3,Technical,Technical,True,10.863977600005455,863
4,0.3,0.9,4,HR,Finance,False,10.863977600005455,863
4,0.3,0.9,5,Finance,Finance,True,10.863977600005455,863
4,0.3,0.9,6,Technical,Technical,True,10.863977600005455,863
4,0.3,0.9,7,HR,HR,True,10.863977600005455,863
4,0.3,0.9,8,Finance,Finance,True,10.863977600005455,863
4,0.3,0.9,9,Technical,Technical,True,10.863977600005455,863
4,0.3,0.9,10,HR,HR,True,10.863977600005455,863
5,0.3,0.9,1,HR,Technical,False,9.139413400029298,689
5,0.3,0.9,2,Finance,Finance,True,9.139413400029298,689
5,0.3,0.9,3,Technical,Technical,True,9.139413400029298,689
5,0.3,0.9,4,HR,Finance,False,9.139413400029298,689
5,0.3,0.9,5,Finance,Finance,True,9.139413400029298,689
5,0.3,0.9,6,Technical,Technical,True,9.139413400029298,689
5,0.3,0.9,7,HR,HR,True,9.139413400029298,689
5,0.3,0.9,8,Finance,Finance,True,9.139413400029298,689
5,0.3,0.9,9,Technical,Technical,True,9.139413400029298,689
5,0.3,0.9,10,HR,HR,True,9.139413400029298,689
1,0.3,1.0,1,HR,Technical,False,9.713493999966886,753
1,0.3,1.0,2,Finance,Finance,True,9.713493999966886,753
1,0.3,1.0,3,Technical,Technical,True,9.713493999966886,753
1,0.3,1.0,4,HR,Finance,False,9.713493999966886,753
1,0.3,1.0,5,Finance,Finance,True,9.713493999966886,753
1,0.3,1.0,6,Technical,Technical,True,9.713493999966886,753
1,0.3,1.0,7,HR,HR,True,9.713493999966886,753
1,0.3,1.0,8,Finance,Finance,True,9.713493999966886,753
1,0.3,1.0,9,Technical,Technical,True,9.713493999966886,753
1,0.3,1.0,10,HR,HR,True,9.713493999966886,753
2,0.3,1.0,1,HR,Technical,False,8.395975599996746,617
2,0.3,1.0,2,Finance,Finance,True,8.395975599996746,617
2,0.3,1.0,3,Technical,Technical,True,8.395975599996746,617
2,0.3,1.0,4,HR,Finance,False,8.395975599996746,617
2,0.3,1.0,5,Finance,Finance,True,8.395975599996746,617
2,0.3,1.0,6,Technical,Technical,True,8.395975599996746,617
2,0.3,1.0,7,HR,HR,True,8.395975599996746,617
2,0.3,1.0,8,Finance,Finance,True,8.395975599996746,617
2,0.3,1.0,9,Technical,Technical,True,8.395975599996746,617
2,0.3,1.0,10,HR,HR,True,8.395975599996746,617
3,0.3,1.0,1,HR,HR,True,11.928996499977075,963
3,0.3,1.0,2,Finance,Finance,True,11.928996499977075,963
3,0.3,1.0,3,Technical,Technical,True,11.928996499977075,963
3,0.3,1.0,4,HR,Finance,False,11.928996499977075,963
3,0.3,1.0,5,Finance,Technical,False,11.928996499977075,963
3,0.3,1.0,6,Technical,Technical,True,11.928996499977075,963
3,0.3,1.0,7,HR,HR,True,11.928996499977075,963
3,0.3,1.0,8,Finance,Finance,True,11.928996499977075,963
3,0.3,1.0,9,Technical,Technical,True,11.928996499977075,963
3,0.3,1.0,10,HR,HR,True,11.928996499977075,963
4,0.3,1.0,1,HR,Technical,False,8.849193200003356,660
4,0.3,1.0,2,Finance,Finance,True,8.849193200003356,660
4,0.3,1.0,3,Technical,Technical,True,8.849193200003356,660
4,0.3,1.0,4,HR,Finance,False,8.849193200003356,660
4,0.3,1.0,5,Finance,Finance,True,8.849193200003356,660
4,0.3,1.0,6,Technical,Technical,True,8.849193200003356,660
4,0.3,1.0,7,HR,HR,True,8.849193200003356,660
4,0.3,1.0,8,Finance,Finance,True,8.849193200003356,660
4,0.3,1.0,9,Technical,Technical,True,8.849193200003356,660
4,0.3,1.0,10,HR,HR,True,8.849193200003356,660
5,0.3,1.0,1,HR,Technical,False,9.548062500020023,727
5,0.3,1.0,2,Finance,Finance,True,9.548062500020023,727
5,0.3,1.0,3,Technical,Technical,True,9.548062500020023,727
5,0.3,1.0,4,HR,Finance,False,9.548062500020023,727
5,0.3,1.0,5,Finance,Technical,False,9.548062500020023,727
5,0.3,1.0,6,Technical,Technical,True,9.548062500020023,727
5,0.3,1.0,7,HR,HR,True,9.548062500020023,727
5,0.3,1.0,8,Finance,Finance,True,9.548062500020023,727
5,0.3,1.0,9,Technical,Technical,True,9.548062500020023,727
5,0.3,1.0,10,HR,HR,True,9.548062500020023,727
1,0.7,0.5,1,HR,Technical,False,11.654431200004183,933
1,0.7,0.5,2,Finance,Finance,True,11.654431200004183,933
1,0.7,0.5,3,Technical,Technical,True,11.654431200004183,933
1,0.7,0.5,4,HR,Finance,False,11.654431200004183,933
1,0.7,0.5,5,Finance,Technical,False,11.654431200004183,933
1,0.7,0.5,6,Technical,Technical,True,11.654431200004183,933
1,0.7,0.5,7,HR,HR,True,11.654431200004183,933
1,0.7,0.5,8,Finance,Finance,True,11.654431200004183,933
1,0.7,0.5,9,Technical,Technical,True,11.654431200004183,933
1,0.7,0.5,10,HR,HR,True,11.654431200004183,933
2,0.7,0.5,1,HR,Technical,False,8.3005766000133,602
2,0.7,0.5,2,Finance,Finance,True,8.3005766000133,602
2,0.7,0.5,3,Technical,Technical,True,8.3005766000133,602
2,0.7,0.5,4,HR,Finance,False,8.3005766000133,602
2,0.7,0.5,5,Finance,Technical,False,8.3005766000133,602
2,0.7,0.5,6,Technical,Technical,True,8.3005766000133,602
2,0.7,0.5,7,HR,HR,True,8.3005766000133,602
2,0.7,0.5,8,Finance,Finance,True,8.3005766000133,602
2,0.7,0.5,9,Technical,Technical,True,8.3005766000133,602
2,0.7,0.5,10,HR,HR,True,8.3005766000133,602
3,0.7,0.5,1,HR,HR,True,8.50920250004856,634
3,0.7,0.5,2,Finance,Finance,True,8.50920250004856,634
3,0.7,0.5,3,Technical,Technical,True,8.50920250004856,634
3,0.7,0.5,4,HR,Finance,False,8.50920250004856,634
3,0.7,0.5,5,Finance,Finance,True,8.50920250004856,634
3,0.7,0.5,6,Technical,Technical,True,8.50920250004856,634
3,0.7,0.5,7,HR,HR,True,8.50920250004856,634
3,0.7,0.5,8,Finance,Finance,True,8.50920250004856,634
3,0.7,0.5,9,Technical,Technical,True,8.50920250004856,634
3,0.7,0.5,10,HR,HR,True,8.50920250004856,634
4,0.7,0.5,1,HR,HR,True,10.803076400014106,845
4,0.7,0.5,2,Finance,Finance,True,10.803076400014106,845
4,0.7,0.5,3,Technical,Technical,True,10.803076400014106,845
4,0.7,0.5,4,HR,Finance,False,10.803076400014106,845
4,0.7,0.5,5,Finance,Technical,False,10.803076400014106,845
4,0.7,0.5,6,Technical,Technical,True,10.803076400014106,845
4,0.7,0.5,7,HR,HR,True,10.803076400014106,845
4,0.7,0.5,8,Finance,Finance,True,10.803076400014106,845
4,0.7,0.5,9,Technical,Technical,True,10.803076400014106,845
4,0.7,0.5,10,HR,HR,True,10.803076400014106,845
5,0.7,0.5,1,HR,Technical,False,11.109032300009858,872
5,0.7,0.5,2,Finance,Finance,True,11.109032300009858,872
5,0.7,0.5,3,Technical,Technical,True,11.109032300009858,872
5,0.7,0.5,4,HR,Finance,False,11.109032300009858,872
5,0.7,0.5,5,Finance,Finance,True,11.109032300009858,872
5,0.7,0.5,6,Technical,Technical,True,11.109032300009858,872
5,0.7,0.5,7,HR,HR,True,11.109032300009858,872
5,0.7,0.5,8,Finance,Finance,True,11.109032300009858,872
5,0.7,0.5,9,Technical,Technical,True,11.109032300009858,872
5,0.7,0.5,10,HR,HR,True,11.109032300009858,872
1,0.7,0.9,1,HR,Technical,False,16.934131900023203,1400
1,0.7,0.9,2,Finance,Finance,True,16.934131900023203,1400
1,0.7,0.9,3,Technical,Technical,True,16.934131900023203,1400
1,0.7,0.9,4,HR,Finance,False,16.934131900023203,1400
1,0.7,0.9,5,Finance,Technical,False,16.934131900023203,1400
1,0.7,0.9,6,Technical,Technical,True,16.934131900023203,1400
1,0.7,0.9,7,HR,HR,True,16.934131900023203,1400
1,0.7,0.9,8,Finance,Finance,True,16.934131900023203,1400
1,0.7,0.9,9,Technical,Technical,True,16.934131900023203,1400
1,0.7,0.9,10,HR,HR,True,16.934131900023203,1400
2,0.7,0.9,1,HR,HR,True,11.25446909997845,884
2,0.7,0.9,2,Finance,Finance,True,11.25446909997845,884
2,0.7,0.9,3,Technical,Technical,True,11.25446909997845,884
2,0.7,0.9,4,HR,Finance,False,11.25446909997845,884
2,0.7,0.9,5,Finance,Finance,True,11.25446909997845,884
2,0.7,0.9,6,Technical,Technical,True,11.25446909997845,884
2,0.7,0.9,7,HR,HR,True,11.25446909997845,884
2,0.7,0.9,8,Finance,Finance,True,11.25446909997845,884
2,0.7,0.9,9,Technical,Technical,True,11.25446909997845,884
2,0.7,0.9,10,HR,HR,True,11.25446909997845,884
3,0.7,0.9,1,HR,HR,True,11.78027300001122,931
3,0.7,0.9,2,Finance,Finance,True,11.78027300001122,931
3,0.7,0.9,3,Technical,Technical,True,11.78027300001122,931
3,0.7,0.9,4,HR,Finance,False,11.78027300001122,931
3,0.7,0.9,5,Finance,Finance,True,11.78027300001122,931
3,0.7,0.9,6,Technical,Technical,True,11.78027300001122,931
3,0.7,0.9,7,HR,HR,True,11.78027300001122,931
3,0.7,0.9,8,Finance,Finance,True,11.78027300001122,931
3,0.7,0.9,9,Technical,Technical,True,11.78027300001122,931
3,0.7,0.9,10,HR,HR,True,11.78027300001122,931
4,0.7,0.9,1,HR,Technical,False,7.545798500010278,533
4,0.7,0.9,2,Finance,Finance,True,7.545798500010278,533
4,0.7,0.9,3,Technical,Technical,True,7.545798500010278,533
4,0.7,0.9,4,HR,Finance,False,7.545798500010278,533
4,0.7,0.9,5,Finance,Finance,True,7.545798500010278,533
4,0.7,0.9,6,Technical,Technical,True,7.545798500010278,533
4,0.7,0.9,7,HR,HR,True,7.545798500010278,533
4,0.7,0.9,8,Finance,Finance,True,7.545798500010278,533
4,0.7,0.9,9,Technical,Technical,True,7.545798500010278,533
4,0.7,0.9,10,HR,HR,True,7.545798500010278,533
5,0.7,0.9,1,HR,HR,True,13.18649600003846,1067
5,0.7,0.9,2,Finance,Finance,True,13.18649600003846,1067
5,0.7,0.9,3,Technical,Technical,True,13.18649600003846,1067
5,0.7,0.9,4,HR,Finance,False,13.18649600003846,1067
5,0.7,0.9,5,Finance,Technical,False,13.18649600003846,1067
5,0.7,0.9,6,Technical,Technical,True,13.18649600003846,1067
5,0.7,0.9,7,HR,HR,True,13.18649600003846,1067
5,0.7,0.9,8,Finance,Finance,True,13.18649600003846,1067
5,0.7,0.9,9,Technical,Technical,True,13.18649600003846,1067
5,0.7,0.9,10,HR,HR,True,13.18649600003846,1067
1,0.7,1.0,1,HR,Technical,False,9.381393799965736,699
1,0.7,1.0,2,Finance,Finance,True,9.381393799965736,699
1,0.7,1.0,3,Technical,Technical,True,9.381393799965736,699
1,0.7,1.0,4,HR,Finance,False,9.381393799965736,699
1,0.7,1.0,5,Finance,Finance,True,9.381393799965736,699
1,0.7,1.0,6,Technical,Technical,True,9.381393799965736,699
1,0.7,1.0,7,HR,HR,True,9.381393799965736,699
1,0.7,1.0,8,Finance,Finance,True,9.381393799965736,699
1,0.7,1.0,9,Technical,Technical,True,9.381393799965736,699
1,0.7,1.0,10,HR,HR,True,9.381393799965736,699
2,0.7,1.0,1,HR,Technical,False,12.514645599992946,1000
2,0.7,1.0,2,Finance,Finance,True,12.514645599992946,1000
2,0.7,1.0,3,Technical,Technical,True,12.514645599992946,1000
2,0.7,1.0,4,HR,Finance,False,12.514645599992946,1000
2,0.7,1.0,5,Finance,Finance,True,12.514645599992946,1000
2,0.7,1.0,6,Technical,Technical,True,12.514645599992946,1000
2,0.7,1.0,7,HR,HR,True,12.514645599992946,1000
2,0.7,1.0,8,Finance,Finance,True,12.514645599992946,1000
2,0.7,1.0,9,Technical,Technical,True,12.514645599992946,1000
2,0.7,1.0,10,HR,HR,True,12.514645599992946,1000
3,0.7,1.0,1,HR,HR,True,10.12646419997327,767
3,0.7,1.0,2,Finance,Finance,True,10.12646419997327,767
3,0.7,1.0,3,Technical,Technical,True,10.12646419997327,767
3,0.7,1.0,4,HR,Finance,False,10.12646419997327,767
3,0.7,1.0,5,Finance,Technical,False,10.12646419997327,767
3,0.7,1.0,6,Technical,Technical,True,10.12646419997327,767
3,0.7,1.0,7,HR,HR,True,10.12646419997327,767
3,0.7,1.0,8,Finance,Finance,True,10.12646419997327,767
3,0.7,1.0,9,Technical,Technical,True,10.12646419997327,767
3,0.7,1.0,10,HR,HR,True,10.12646419997327,767
4,0.7,1.0,1,HR,Technical,False,7.7849597000167705,556
4,0.7,1.0,2,Finance,Finance,True,7.7849597000167705,556
4,0.7,1.0,3,Technical,Technical,True,7.7849597000167705,556
4,0.7,1.0,4,HR,Finance,False,7.7849597000167705,556
4,0.7,1.0,5,Finance,Finance,True,7.7849597000167705,556
4,0.7,1.0,6,Technical,Technical,True,7.7849597000167705,556
4,0.7,1.0,7,HR,HR,True,7.7849597000167705,556
4,0.7,1.0,8,Finance,Finance,True,7.7849597000167705,556
4,0.7,1.0,9,Technical,Technical,True,7.7849597000167705,556
4,0.7,1.0,10,HR,HR,True,7.7849597000167705,556
5,0.7,1.0,1,HR,HR,True,8.105486099957488,581
5,0.7,1.0,2,Finance,Finance,True,8.105486099957488,581
5,0.7,1.0,3,Technical,Technical,True,8.105486099957488,581
5,0.7,1.0,4,HR,Finance,False,8.105486099957488,581
5,0.7,1.0,5,Finance,Finance,True,8.105486099957488,581
5,0.7,1.0,6,Technical,Technical,True,8.105486099957488,581
5,0.7,1.0,7,HR,HR,True,8.105486099957488,581
5,0.7,1.0,8,Finance,Finance,True,8.105486099957488,581
5,0.7,1.0,9,Technical,Technical,True,8.105486099957488,581
5,0.7,1.0,10,HR,HR,True,8.105486099957488,581
1,1.0,0.5,1,HR,HR,True,9.665480199968442,726
1,1.0,0.5,2,Finance,Finance,True,9.665480199968442,726
1,1.0,0.5,3,Technical,Technical,True,9.665480199968442,726
1,1.0,0.5,4,HR,Finance,False,9.665480199968442,726
1,1.0,0.5,5,Finance,Technical,False,9.665480199968442,726
1,1.0,0.5,6,Technical,Technical,True,9.665480199968442,726
1,1.0,0.5,7,HR,HR,True,9.665480199968442,726
1,1.0,0.5,8,Finance,Finance,True,9.665480199968442,726
1,1.0,0.5,9,Technical,Technical,True,9.665480199968442,726
1,1.0,0.5,10,HR,HR,True,9.665480199968442,726
2,1.0,0.5,1,HR,Technical,False,9.96180990000721,764
2,1.0,0.5,2,Finance,Finance,True,9.96180990000721,764
2,1.0,0.5,3,Technical,Technical,True,9.96180990000721,764
2,1.0,0.5,4,HR,Finance,False,9.96180990000721,764
2,1.0,0.5,5,Finance,Technical,False,9.96180990000721,764
2,1.0,0.5,6,Technical,Technical,True,9.96180990000721,764
2,1.0,0.5,7,HR,HR,True,9.96180990000721,764
2,1.0,0.5,8,Finance,Finance,True,9.96180990000721,764
2,1.0,0.5,9,Technical,Technical,True,9.96180990000721,764
2,1.0,0.5,10,HR,HR,True,9.96180990000721,764
3,1.0,0.5,1,HR,HR,True,11.202434099977836,845
3,1.0,0.5,2,Finance,Finance,True,11.202434099977836,845
3,1.0,0.5,3,Technical,Technical,True,11.202434099977836,845
3,1.0,0.5,4,HR,Finance,False,11.202434099977836,845
3,1.0,0.5,5,Finance,Finance,True,11.202434099977836,845
3,1.0,0.5,6,Technical,Technical,True,11.202434099977836,845
3,1.0,0.5,7,HR,HR,True,11.202434099977836,845
3,1.0,0.5,8,Finance,Finance,True,11.202434099977836,845
3,1.0,0.5,9,Technical,Technical,True,11.202434099977836,845
3,1.0,0.5,10,HR,HR,True,11.202434099977836,845
4,1.0,0.5,1,HR,HR,True,12.27339570003096,975
4,1.0,0.5,2,Finance,Finance,True,12.27339570003096,975
4,1.0,0.5,3,Technical,Technical,True,12.27339570003096,975
4,1.0,0.5,4,HR,Finance,False,12.27339570003096,975
4,1.0,0.5,5,Finance,Finance,True,12.27339570003096,975
4,1.0,0.5,6,Technical,Technical,True,12.27339570003096,975
4,1.0,0.5,7,HR,HR,True,12.27339570003096,975
4,1.0,0.5,8,Finance,Finance,True,12.27339570003096,975
4,1.0,0.5,9,Technical,Technical,True,12.27339570003096,975
4,1.0,0.5,10,HR,HR,True,12.27339570003096,975
5,1.0,0.5,1,HR,HR,True,11.141085400013253,873
5,1.0,0.5,2,Finance,Finance,True,11.141085400013253,873
5,1.0,0.5,3,Technical,Technical,True,11.141085400013253,873
5,1.0,0.5,4,HR,Finance,False,11.141085400013253,873
5,1.0,0.5,5,Finance,Finance,True,11.141085400013253,873
5,1.0,0.5,6,Technical,Technical,True,11.141085400013253,873
5,1.0,0.5,7,HR,HR,True,11.141085400013253,873
5,1.0,0.5,8,Finance,Finance,True,11.141085400013253,873
5,1.0,0.5,9,Technical,Technical,True,11.141085400013253,873
5,1.0,0.5,10,HR,HR,True,11.141085400013253,873
1,1.0,0.9,1,HR,HR,True,8.928516599989962,662
1,1.0,0.9,2,Finance,Finance,True,8.928516599989962,662
1,1.0,0.9,3,Technical,Technical,True,8.928516599989962,662
1,1.0,0.9,4,HR,Finance,False,8.928516599989962,662
1,1.0,0.9,5,Finance,Finance,True,8.928516599989962,662
1,1.0,0.9,6,Technical,Technical,True,8.928516599989962,662
1,1.0,0.9,7,HR,HR,True,8.928516599989962,662
1,1.0,0.9,8,Finance,Finance,True,8.928516599989962,662
1,1.0,0.9,9,Technical,Technical,True,8.928516599989962,662
1,1.0,0.9,10,HR,HR,True,8.928516599989962,662
2,1.0,0.9,1,HR,Technical,False,11.279363100009505,883
2,1.0,0.9,2,Finance,Finance,True,11.279363100009505,883
2,1.0,0.9,3,Technical,Technical,True,11.279363100009505,883
2,1.0,0.9,4,HR,Finance,False,11.279363100009505,883
2,1.0,0.9,5,Finance,Technical,False,11.279363100009505,883
2,1.0,0.9,6,Technical,Technical,True,11.279363100009505,883
2,1.0,0.9,7,HR,HR,True,11.279363100009505,883
2,1.0,0.9,8,Finance,Finance,True,11.279363100009505,883
2,1.0,0.9,9,Technical,Technical,True,11.279363100009505,883
2,1.0,0.9,10,HR,HR,True,11.279363100009505,883
3,1.0,0.9,1,HR,Technical,False,7.68055569997523,541
3,1.0,0.9,2,Finance,Finance,True,7.68055569997523,541
3,1.0,0.9,3,Technical,Technical,True,7.68055569997523,541
3,1.0,0.9,4,HR,Finance,False,7.68055569997523,541
3,1.0,0.9,5,Finance,Finance,True,7.68055569997523,541
3,1.0,0.9,6,Technical,Technical,True,7.68055569997523,541
3,1.0,0.9,7,HR,HR,True,7.68055569997523,541
3,1.0,0.9,8,Finance,Finance,True,7.68055569997523,541
3,1.0,0.9,9,Technical,Technical,True,7.68055569997523,541
3,1.0,0.9,10,HR,HR,True,7.68055569997523,541
4,1.0,0.9,1,HR,Technical,False,7.727498500025831,553
4,1.0,0.9,2,Finance,Finance,True,7.727498500025831,553
4,1.0,0.9,3,Technical,Technical,True,7.727498500025831,553
4,1.0,0.9,4,HR,Finance,False,7.727498500025831,553
4,1.0,0.9,5,Finance,Finance,True,7.727498500025831,553
4,1.0,0.9,6,Technical,Technical,True,7.727498500025831,553
4,1.0,0.9,7,HR,HR,True,7.727498500025831,553
4,1.0,0.9,8,Finance,Finance,True,7.727498500025831,553
4,1.0,0.9,9,Technical,Technical,True,7.727498500025831,553
4,1.0,0.9,10,HR,HR,True,7.727498500025831,553
5,1.0,0.9,1,HR,Technical,False,12.746954699978232,1028
5,1.0,0.9,2,Finance,Finance,True,12.746954699978232,1028
5,1.0,0.9,3,Technical,Technical,True,12.746954699978232,1028
5,1.0,0.9,4,HR,Finance,False,12.746954699978232,1028
5,1.0,0.9,5,Finance,Technical,False,12.746954699978232,1028
5,1.0,0.9,6,Technical,Technical,True,12.746954699978232,1028
5,1.0,0.9,7,HR,HR,True,12.746954699978232,1028
5,1.0,0.9,8,Finance,Finance,True,12.746954699978232,1028
5,1.0,0.9,9,Technical,Technical,True,12.746954699978232,1028
5,1.0,0.9,10,HR,HR,True,12.746954699978232,1028
1,1.0,1.0,1,HR,HR,True,12.166512500029057,949
1,1.0,1.0,2,Finance,Finance,True,12.166512500029057,949
1,1.0,1.0,3,Technical,Technical,True,12.166512500029057,949
1,1.0,1.0,4,HR,Finance,False,12.166512500029057,949
1,1.0,1.0,5,Finance,Finance,True,12.166512500029057,949
1,1.0,1.0,6,Technical,Technical,True,12.166512500029057,949
1,1.0,1.0,7,HR,HR,True,12.166512500029057,949
1,1.0,1.0,8,Finance,Finance,True,12.166512500029057,949
1,1.0,1.0,9,Technical,Technical,True,12.166512500029057,949
1,1.0,1.0,10,HR,HR,True,12.166512500029057,949
2,1.0,1.0,1,HR,HR,True,10.399622900004033,794
2,1.0,1.0,2,Finance,Finance,True,10.399622900004033,794
2,1.0,1.0,3,Technical,Technical,True,10.399622900004033,794
2,1.0,1.0,4,HR,Finance,False,10.399622900004033,794
2,1.0,1.0,5,Finance,Technical,False,10.399622900004033,794
2,1.0,1.0,6,Technical,Technical,True,10.399622900004033,794
2,1.0,1.0,7,HR,HR,True,10.399622900004033,794
2,1.0,1.0,8,Finance,Finance,True,10.399622900004033,794
2,1.0,1.0,9,Technical,Technical,True,10.399622900004033,794
2,1.0,1.0,10,HR,HR,True,10.399622900004033,794
3,1.0,1.0,1,HR,Technical,False,7.617100499977823,532
3,1.0,1.0,2,Finance,Finance,True,7.617100499977823,532
3,1.0,1.0,3,Technical,Technical,True,7.617100499977823,532
3,1.0,1.0,4,HR,Finance,False,7.617100499977823,532
3,1.0,1.0,5,Finance,Finance,True,7.617100499977823,532
3,1.0,1.0,6,Technical,Technical,True,7.617100499977823,532
3,1.0,1.0,7,HR,HR,True,7.617100499977823,532
3,1.0,1.0,8,Finance,Finance,True,7.617100499977823,532
3,1.0,1.0,9,Technical,Technical,True,7.617100499977823,532
3,1.0,1.0,10,HR,HR,True,7.617100499977823,532
4,1.0,1.0,1,HR,HR,True,11.116920800006483,861
4,1.0,1.0,2,Finance,Finance,True,11.116920800006483,861
4,1.0,1.0,3,Technical,Technical,True,11.116920800006483,861
4,1.0,1.0,4,HR,Finance,False,11.116920800006483,861
4,1.0,1.0,5,Finance,Finance,True,11.116920800006483,861
4,1.0,1.0,6,Technical,Technical,True,11.116920800006483,861
4,1.0,1.0,7,HR,HR,True,11.116920800006483,861
4,1.0,1.0,8,Finance,Finance,True,11.116920800006483,861
4,1.0,1.0,9,Technical,Technical,True,11.116920800006483,861
4,1.0,1.0,10,HR,HR,True,11.116920800006483,861
5,1.0,1.0,1,HR,Technical,False,12.00531720003346,916
5,1.0,1.0,2,Finance,Finance,True,12.00531720003346,916
5,1.0,1.0,3,Technical,Technical,True,12.00531720003346,916
5,1.0,1.0,4,HR,Finance,False,12.00531720003346,916
5,1.0,1.0,5,Finance,Finance,True,12.00531720003346,916
5,1.0,1.0,6,Technical,Technical,True,12.00531720003346,916
5,1.0,1.0,7,HR,HR,True,12.00531720003346,916
5,1.0,1.0,8,Finance,Finance,True,12.00531720003346,916
5,1.0,1.0,9,Technical,Technical,True,12.00531720003346,916
5,1.0,1.0,10,HR,HR,True,12.00531720003346,916
1,1.5,0.5,1,HR,HR,True,12.486379400012083,987
1,1.5,0.5,2,Finance,Finance,True,12.486379400012083,987
1,1.5,0.5,3,Technical,Technical,True,12.486379400012083,987
1,1.5,0.5,4,HR,Finance,False,12.486379400012083,987
1,1.5,0.5,5,Finance,Finance,True,12.486379400012083,987
1,1.5,0.5,6,Technical,Technical,True,12.486379400012083,987
1,1.5,0.5,7,HR,HR,True,12.486379400012083,987
1,1.5,0.5,8,Finance,Finance,True,12.486379400012083,987
1,1.5,0.5,9,Technical,Technical,True,12.486379400012083,987
1,1.5,0.5,10,HR,HR,True,12.486379400012083,987
2,1.5,0.5,1,HR,Technical,False,8.619389899948146,623
2,1.5,0.5,2,Finance,Finance,True,8.619389899948146,623
2,1.5,0.5,3,Technical,Technical,True,8.619389899948146,623
2,1.5,0.5,4,HR,Finance,False,8.619389899948146,623
2,1.5,0.5,5,Finance,Finance,True,8.619389899948146,623
2,1.5,0.5,6,Technical,Technical,True,8.619389899948146,623
2,1.5,0.5,7,HR,HR,True,8.619389899948146,623
2,1.5,0.5,8,Finance,Finance,True,8.619389899948146,623
2,1.5,0.5,9,Technical,Technical,True,8.619389899948146,623
2,1.5,0.5,10,HR,HR,True,8.619389899948146,623
3,1.5,0.5,1,HR,HR,True,7.959345699986443,561
3,1.5,0.5,2,Finance,Finance,True,7.959345699986443,561
3,1.5,0.5,3,Technical,Technical,True,7.959345699986443,561
3,1.5,0.5,4,HR,Finance,False,7.959345699986443,561
3,1.5,0.5,5,Finance,Technical,False,7.959345699986443,561
3,1.5,0.5,6,Technical,Technical,True,7.959345699986443,561
3,1.5,0.5,7,HR,HR,True,7.959345699986443,561
3,1.5,0.5,8,Finance,Finance,True,7.959345699986443,561
3,1.5,0.5,9,Technical,Technical,True,7.959345699986443,561
3,1.5,0.5,10,HR,HR,True,7.959345699986443,561
4,1.5,0.5,1,HR,Technical,False,10.131713999959175,767
4,1.5,0.5,2,Finance,Finance,True,10.131713999959175,767
4,1.5,0.5,3,Technical,Technical,True,10.131713999959175,767
4,1.5,0.5,4,HR,Finance,False,10.131713999959175,767
4,1.5,0.5,5,Finance,Finance,True,10.131713999959175,767
4,1.5,0.5,6,Technical,Technical,True,10.131713999959175,767
4,1.5,0.5,7,HR,HR,True,10.131713999959175,767
4,1.5,0.5,8,Finance,Finance,True,10.131713999959175,767
4,1.5,0.5,9,Technical,Technical,True,10.131713999959175,767
4,1.5,0.5,10,HR,HR,True,10.131713999959175,767
5,1.5,0.5,1,HR,HR,True,11.447142499964684,780
5,1.5,0.5,2,Finance,Finance,True,11.447142499964684,780
5,1.5,0.5,3,Technical,Technical,True,11.447142499964684,780
5,1.5,0.5,4,HR,Finance,False,11.447142499964684,780
5,1.5,0.5,5,Finance,Technical,False,11.447142499964684,780
5,1.5,0.5,6,Technical,Technical,True,11.447142499964684,780
5,1.5,0.5,7,HR,HR,True,11.447142499964684,780
5,1.5,0.5,8,Finance,Finance,True,11.447142499964684,780
5,1.5,0.5,9,Technical,Technical,True,11.447142499964684,780
5,1.5,0.5,10,HR,HR,True,11.447142499964684,780
1,1.5,0.9,1,HR,Technical,False,8.711557400005404,610
1,1.5,0.9,2,Finance,Finance,True,8.711557400005404,610
1,1.5,0.9,3,Technical,Technical,True,8.711557400005404,610
1,1.5,0.9,4,HR,Finance,False,8.711557400005404,610
1,1.5,0.9,5,Finance,Finance,True,8.711557400005404,610
1,1.5,0.9,6,Technical,Technical,True,8.711557400005404,610
1,1.5,0.9,7,HR,HR,True,8.711557400005404,610
1,1.5,0.9,8,Finance,Finance,True,8.711557400005404,610
1,1.5,0.9,9,Technical,Technical,True,8.711557400005404,610
1,1.5,0.9,10,HR,HR,True,8.711557400005404,610
2,1.5,0.9,1,HR,Technical,False,13.593979199999012,1085
2,1.5,0.9,2,Finance,Finance,True,13.593979199999012,1085
2,1.5,0.9,3,Technical,Technical,True,13.593979199999012,1085
2,1.5,0.9,4,HR,Finance,False,13.593979199999012,1085
2,1.5,0.9,5,Finance,Technical,False,13.593979199999012,1085
2,1.5,0.9,6,Technical,Technical,True,13.593979199999012,1085
2,1.5,0.9,7,HR,HR,True,13.593979199999012,1085
2,1.5,0.9,8,Finance,Finance,True,13.593979199999012,1085
2,1.5,0.9,9,Technical,Technical,True,13.593979199999012,1085
2,1.5,0.9,10,HR,HR,True,13.593979199999012,1085
3,1.5,0.9,1,HR,HR,True,11.131999099976383,870
3,1.5,0.9,2,Finance,Finance,True,11.131999099976383,870
3,1.5,0.9,3,Technical,Technical,True,11.131999099976383,870
3,1.5,0.9,4,HR,Finance,False,11.131999099976383,870
3,1.5,0.9,5,Finance,Technical,False,11.131999099976383,870
3,1.5,0.9,6,Technical,Technical,True,11.131999099976383,870
3,1.5,0.9,7,HR,HR,True,11.131999099976383,870
3,1.5,0.9,8,Finance,Finance,True,11.131999099976383,870
3,1.5,0.9,9,Technical,Technical,True,11.131999099976383,870
3,1.5,0.9,10,HR,HR,True,11.131999099976383,870
4,1.5,0.9,1,HR,Technical,False,16.842525300045963,1404
4,1.5,0.9,2,Finance,Finance,True,16.842525300045963,1404
4,1.5,0.9,3,Technical,Technical,True,16.842525300045963,1404
4,1.5,0.9,4,HR,Finance,False,16.842525300045963,1404
4,1.5,0.9,5,Finance,Finance,True,16.842525300045963,1404
4,1.5,0.9,6,Technical,Technical,True,16.842525300045963,1404
4,1.5,0.9,7,HR,HR,True,16.842525300045963,1404
4,1.5,0.9,8,Finance,Finance,True,16.842525300045963,1404
4,1.5,0.9,9,Technical,Technical,True,16.842525300045963,1404
4,1.5,0.9,10,HR,HR,True,16.842525300045963,1404
5,1.5,0.9,1,HR,Technical,False,7.685337199945934,535
5,1.5,0.9,2,Finance,Finance,True,7.685337199945934,535
5,1.5,0.9,3,Technical,Technical,True,7.685337199945934,535
5,1.5,0.9,4,HR,Finance,False,7.685337199945934,535
5,1.5,0.9,5,Finance,Technical,False,7.685337199945934,535
5,1.5,0.9,6,Technical,Technical,True,7.685337199945934,535
5,1.5,0.9,7,HR,HR,True,7.685337199945934,535
5,1.5,0.9,8,Finance,Finance,True,7.685337199945934,535
5,1.5,0.9,9,Technical,Technical,True,7.685337199945934,535
5,1.5,0.9,10,HR,HR,True,7.685337199945934,535
1,1.5,1.0,1,HR,Technical,False,12.649832999974024,1009
1,1.5,1.0,2,Finance,Finance,True,12.649832999974024,1009
1,1.5,1.0,3,Technical,Technical,True,12.649832999974024,1009
1,1.5,1.0,4,HR,Finance,False,12.649832999974024,1009
1,1.5,1.0,5,Finance,Finance,True,12.649832999974024,1009
1,1.5,1.0,6,Technical,Technical,True,12.649832999974024,1009
1,1.5,1.0,7,HR,HR,True,12.649832999974024,1009
1,1.5,1.0,8,Finance,Finance,True,12.649832999974024,1009
1,1.5,1.0,9,Technical,Technical,True,12.649832999974024,1009
1,1.5,1.0,10,HR,HR,True,12.649832999974024,1009
2,1.5,1.0,1,HR,Technical,False,13.396936500037555,1074
2,1.5,1.0,2,Finance,Finance,True,13.396936500037555,1074
2,1.5,1.0,3,Technical,Technical,True,13.396936500037555,1074
2,1.5,1.0,4,HR,Finance,False,13.396936500037555,1074
2,1.5,1.0,5,Finance,Finance,True,13.396936500037555,1074
2,1.5,1.0,6,Technical,Technical,True,13.396936500037555,1074
2,1.5,1.0,7,HR,HR,True,13.396936500037555,1074
2,1.5,1.0,8,Finance,Finance,True,13.396936500037555,1074
2,1.5,1.0,9,Technical,Technical,True,13.396936500037555,1074
2,1.5,1.0,10,HR,HR,True,13.396936500037555,1074
3,1.5,1.0,1,HR,Technical,False,8.336648800002877,591
3,1.5,1.0,2,Finance,Finance,True,8.336648800002877,591
3,1.5,1.0,3,Technical,Technical,True,8.336648800002877,591
3,1.5,1.0,4,HR,Finance,False,8.336648800002877,591
3,1.5,1.0,5,Finance,Finance,True,8.336648800002877,591
3,1.5,1.0,6,Technical,Technical,True,8.336648800002877,591
3,1.5,1.0,7,HR,HR,True,8.336648800002877,591
3,1.5,1.0,8,Finance,Finance,True,8.336648800002877,591
3,1.5,1.0,9,Technical,Technical,True,8.336648800002877,591
3,1.5,1.0,10,HR,HR,True,8.336648800002877,591
4,1.5,1.0,1,HR,Technical,False,12.96503019996453,1035
4,1.5,1.0,2,Finance,Finance,True,12.96503019996453,1035
4,1.5,1.0,3,Technical,Technical,True,12.96503019996453,1035
4,1.5,1.0,4,HR,Finance,False,12.96503019996453,1035
4,1.5,1.0,5,Finance,Finance,True,12.96503019996453,1035
4,1.5,1.0,6,Technical,Technical,True,12.96503019996453,1035
4,1.5,1.0,7,HR,HR,True,12.96503019996453,1035
4,1.5,1.0,8,Finance,Finance,True,12.96503019996453,1035
4,1.5,1.0,9,Technical,Technical,True,12.96503019996453,1035
4,1.5,1.0,10,HR,HR,True,12.96503019996453,1035
5,1.5,1.0,1,HR,Technical,False,8.941845899971668,652
5,1.5,1.0,2,Finance,Finance,True,8.941845899971668,652
5,1.5,1.0,3,Technical,Technical,True,8.941845899971668,652
5,1.5,1.0,4,HR,Finance,False,8.941845899971668,652
5,1.5,1.0,5,Finance,Finance,True,8.941845899971668,652
5,1.5,1.0,6,Technical,Technical,True,8.941845899971668,652
5,1.5,1.0,7,HR,HR,True,8.941845899971668,652
5,1.5,1.0,8,Finance,Finance,True,8.941845899971668,652
5,1.5,1.0,9,Technical,Technical,True,8.941845899971668,652
5,1.5,1.0,10,HR,HR,True,8.941845899971668,652
