technique,case_id,expected,prediction,correct,input_tokens,output_tokens,full_response
Zero-shot,1,HR,Technical,False,49,2,Technical
Zero-shot,2,Finance,Finance,True,51,2,Finance
Zero-shot,3,Technical,Technical,True,48,2,Technical
Zero-shot,4,HR,Finance,False,50,2,Finance
Zero-shot,5,Finance,Finance,True,50,2,Finance
Zero-shot,6,Technical,Technical,True,49,2,Technical
Zero-shot,7,HR,HR,True,50,2,HR
Zero-shot,8,Finance,Finance,True,50,2,Finance
Zero-shot,9,Technical,Technical,True,50,2,Technical
Zero-shot,10,HR,HR,True,49,2,HR
Few-shot,1,HR,Technical,False,78,2,Technical
Few-shot,2,Finance,Finance,True,80,2,Finance
Few-shot,3,Technical,Technical,True,77,2,Technical
Few-shot,4,HR,Finance,False,79,2,Finance
Few-shot,5,Finance,Finance,True,79,2,Finance
Few-shot,6,Technical,Technical,True,78,2,Technical
Few-shot,7,HR,HR,True,79,2,HR
Few-shot,8,Finance,Finance,True,79,2,Finance
Few-shot,9,Technical,Technical,True,79,2,Technical
Few-shot,10,HR,HR,True,78,2,HR
Chain-of-Thought,1,HR,HR,True,66,219,"1. **Identify the primary issue**: The ticket states that an employee cannot access payroll. This points to a problem related to accessing payroll information.

2. **Consider the context of the issue**: The mention of a password reset indicates that the issue might involve account access or login credentials.

3. **Determine the category**: 
    - **HR**: This would involve employee-related issues such as payroll management, benefits, etc. Since the ticket mentions payroll, it is relevant to HR processes.
    - **Finance**: This would typically relate to budgeting, accounting, etc. However, access issues to payroll data are more about HR since payroll is primarily managed by HR within organizations.
    - **Technical**: This category usually refers to IT-related problems, such as software issues or system errors. However, in this case, the primary concern is related to accessing payroll rather than technical glitches.

4. **Conclude the category**: Since the main concern is about accessing payroll, which is an HR function, the ticket clearly falls under the HR category.

Answer: HR"
Chain-of-Thought,2,Finance,Finance,True,68,253,"To classify the ticket, let's break down the content of the ticket step by step:

1. **Context Identification**: The ticket mentions ""monthly salary"" and ""deposited twice."" This is primarily related to payments and monetary transactions.

2. **Keyword Analysis**: 
   - ""monthly salary"" indicates an employment-related financial aspect rather than a technical issue.
   - ""deposited twice"" suggests an issue regarding financial transactions or payroll discrepancies.

3. **Category Examination**:
   - **HR**: This category often deals with employee relations, benefits, recruitment, training, and similar topics. While salary is connected to HR, the issue of the salary being deposited twice leans more towards financial transactions.
   - **Finance**: This category focuses on matters related to budgeting, payments, accounting, and transactions. Given the context of a salary being deposited, this fits well under finance.
   - **Technical**: This category pertains to IT issues, software problems, and related technical support. The ticket does not mention any technical difficulties.

4. **Final Conclusion**: Since the primary focus of the ticket relates to a financial transaction (the incorrect double deposit of salary), it is best classified under Finance.

Final answer:

Answer: Finance"
Chain-of-Thought,3,Technical,Technical,True,65,198,"To classify the ticket regarding ""VPN connection fails when working remotely,"" let's analyze the elements step by step:

1. **Identify the Core Issue**: The ticket mentions a failure related to the VPN connection. This suggests a problem with accessing a remote network, typically requiring technical intervention.

2. **Understanding Categories**:
   - **HR**: This category deals with human resources-related issues such as employee benefits, recruitment, or workplace policies. The ticket does not relate to this field.
   - **Finance**: This category involves accounting, budgeting, cost issues, or financial queries. The scenario does not mention any financial elements.
   - **Technical**: This category focuses on issues related to hardware, software, networks, and anything technical. A VPN connection issue falls squarely under this area.

3. **Conclusion**: Given that the ticket deals with a technical issue involving network access when working remotely, it clearly fits the ""Technical"" category.

Final answer:

Answer: Technical"
Chain-of-Thought,4,HR,Finance,False,67,204,"Let's analyze the ticket:

1. **Understanding the request**: The ticket mentions a ""request to update bank account for direct deposit."" This indicates a task related to handling employee payments.

2. **Identify Keywords**: The key terms here are ""update bank account"" and ""direct deposit."" Both are financial processes related to managing payments and salaries.

3. **Category Overview**:
   - **HR**: Generally covers employee-related issues, but this specific ticket is not about hiring, employee relations, or benefits.
   - **Finance**: Directly deals with monetary transactions, accounts, payroll processing, and financial records. Updating bank details for direct deposit falls squarely in this category.
   - **Technical**: This would cover issues related to software, hardware, or technical support services, which is not relevant to the current request.

4. **Conclusion**: Since updating bank account details for direct deposits is a financial matter, the appropriate category for this request is Finance.

Final answer:

Answer: Finance"
Chain-of-Thought,5,Finance,Finance,True,67,178,"To classify the ticket, let's break down the content:

1. **Identifying Key Terms**: The ticket mentions ""credit card payment"" and ""duplicated in transaction history"". 
2. **Context Analysis**:
   - ""Credit card payment"" relates to financial transactions, indicating a monetary aspect.
   - ""Duplicated in transaction history"" may suggest a mistake or issue associated with financial records.
3. **Category Review**:
   - HR: This does not relate to employee matters, recruitment, or workplace policies.
   - Finance: The situation involves financial transactions, records, and potential errors in payment processing.
   - Technical: While there could be a technical issue, the primary focus is on financial transactions rather than a technology failure.

Given this analysis, the issue clearly pertains to financial matters, specifically related to payment processing and transaction history.

Final decision:

Answer: Finance"
Chain-of-Thought,6,Technical,Technical,True,66,190,"To classify the support ticket regarding the laptop showing a blue screen during startup, let's break down the content systematically.

1. **Identify the issue**: The ticket discusses a specific problem with a laptop, which is experiencing a blue screen during startup. This indicates a technical malfunction during the booting process.

2. **Determine the category**:
    - **HR**: This category deals with human resources issues such as employee disputes, recruitment, benefits, etc. The issue described does not involve HR matters.
    - **Finance**: This category includes financial transactions, accounting, budgeting, etc. Again, the blue screen issue is not related to finance.
    - **Technical**: This category encompasses hardware and software issues, troubleshooting, and maintenance. A blue screen during startup is a clear technical issue that requires IT support.

3. Based on the analysis, the ticket pertains to a technical problem with the laptop.

Final determination:

Answer: Technical"
Chain-of-Thought,7,HR,HR,True,67,215,"To classify this support ticket, let's break down the content:

1. **Content Analysis**:
   - The request pertains to an ""employment verification letter.""
   - This type of letter is typically used to confirm an employee's status and details regarding their employment.
   - The purpose of the letter is for a ""visa application,"" linking it to documentation required by immigration authorities.

2. **Category Consideration**:
   - **HR**: Employment verification letters are generally managed by the Human Resources department, as they pertain to employee records and official confirmations of employment.
   - **Finance**: This category typically deals with financial matters such as payroll, expenses, or budgeting, which does not align with the ticket's request.
   - **Technical**: This category covers IT-related issues, software problems, or technical support, none of which apply here.

3. **Conclusion**:
   - The only relevant category for the request about an employment verification letter is HR, since it directly involves employee documentation and verification.

Final answer on a new line:

Answer: HR"
Chain-of-Thought,8,Finance,Finance,True,67,225,"To classify this support ticket, I will follow these steps:

1. **Identify the Key Elements**: The ticket mentions ""interest calculation"" and ""mortgage statement."" These terms suggest a financial context.

2. **Determine the Context**: 
   - ""Interest calculation"" typically relates to finance, as it deals with how interest is computed on loans or mortgages.
   - ""Mortgage statement"" is also a financial document that provides details about loan payment including principal, interest, and possibly, taxes or insurance.

3. **Cross-reference Categories**:
   - **HR**: This category deals with human resources-related issues (e.g., hiring, employee relations), which does not apply to this ticket.
   - **Finance**: This fits well due to the discussion of mortgage and interest calculations.
   - **Technical**: Technical issues usually pertain to software, hardware, or service disruptions, which is not relevant in this context.

4. **Final Assessment**: The ticket specifically addresses a calculation error related to finance, confirming that it belongs in the Finance category.

Based on this reasoning:

Answer: Finance"
Chain-of-Thought,9,Technical,Technical,True,67,204,"To classify the support ticket, I will analyze the content step by step:

1. **Understanding the Issue**: The ticket mentions that the ""Email client cannot synchronize with the corporate server."" This indicates a problem related to the functionality of software that interacts with the email system.

2. **Identifying the Category**:
   - **HR**: This category typically deals with employee-related issues, such as payroll, benefits, recruitment, and workplace policies. Synchronizing an email client does not fall under this category.
   - **Finance**: This category includes accounting, budgets, expenses, and financial planning. The issue mentioned does not relate to financial transactions or management.
   - **Technical**: This category covers problems related to software, hardware, or networking issues. Since the problem involves syncing an email client with the server, it is inherently a technical issue.

3. **Conclusion**: Since the issue pertains to software functionality and connectivity, it clearly falls into the Technical category.

Final answer:

Answer: Technical"
Chain-of-Thought,10,HR,HR,True,66,203,"To classify the ticket regarding updating a home address in employee records, I analyze the content of the request step by step:

1. **Content Analysis**: The ticket explicitly mentions ""update my home address in employee records."" This indicates that the request is related to personal employee information.

2. **Context**: The mention of ""employee records"" suggests that this is an internal process that typically concerns employee management and human resources.

3. **Category Identification**:
   - **HR**: This category covers matters related to employee records, personal information changes, and other HR-related inquiries.
   - **Finance**: This category would generally involve financial transactions, payroll, reimbursements, etc., which do not apply here.
   - **Technical**: This would pertain to issues with software, hardware, or technical systems, which is also irrelevant to the request made.

Since the request directly pertains to personal employee information management, it falls under the HR category.

Therefore, the final answer is:

Answer: HR"
Structured,1,HR,Technical,False,55,10,"{
  ""category"": ""Technical""
}"
Structured,2,Finance,Finance,True,57,10,"{
  ""category"": ""Finance""
}"
Structured,3,Technical,Technical,True,54,10,"{
  ""category"": ""Technical""
}"
Structured,4,HR,HR,True,56,10,"{
  ""category"": ""HR""
}"
Structured,5,Finance,Finance,True,56,10,"{
  ""category"": ""Finance""
}"
Structured,6,Technical,Technical,True,55,10,"{
  ""category"": ""Technical""
}"
Structured,7,HR,HR,True,56,10,"{
  ""category"": ""HR""
}"
Structured,8,Finance,Finance,True,56,10,"{
  ""category"": ""Finance""
}"
Structured,9,Technical,INVALID,False,56,14,"```json
{
  ""category"": ""Technical""
}
```"
Structured,10,HR,HR,True,55,10,"{
  ""category"": ""HR""
}"
